country,year,DTF
Afghanistan,2017,38.1
Afghanistan,2016,38.42
Afghanistan,2015,40.5
Afghanistan,2014,40.78
Afghanistan,2013,40.2
Afghanistan,2012,39.73
Afghanistan,2011,37.41
Afghanistan,2010,40.14
Afghanistan,2009, 
Afghanistan,2008, 
Afghanistan,2007, 
Afghanistan,2006, 
Afghanistan,2005, 
Albania,2017,68.9
Albania,2016,61.3
Albania,2015,66.56
Albania,2014,59.53
Albania,2013,59.06
Albania,2012,58.83
Albania,2011,62.09
Albania,2010,61.92
Albania,2009, 
Albania,2008, 
Albania,2007, 
Albania,2006, 
Albania,2005, 
Albania,2004, 
Algeria,2017,47.76
Algeria,2016,45.88
Algeria,2015,45.57
Algeria,2014,50.83
Algeria,2013,51.16
Algeria,2012,50.9
Algeria,2011,50.7
Algeria,2010,50.96
Algeria,2009, 
Algeria,2008, 
Algeria,2007, 
Algeria,2006, 
Algeria,2005, 
Algeria,2004, 
Angola,2017,38.41
Angola,2016,38.46
Angola,2015,37.09
Angola,2014,43.03
Angola,2013,42.7
Angola,2012,40.45
Angola,2011,37.43
Angola,2010,37.53
Angola,2009, 
Angola,2008, 
Angola,2007, 
Angola,2006, 
Angola,2005, 
Angola,2004, 
Antigua and Barbuda,2017,58.04
Antigua and Barbuda,2016,58.48
Antigua and Barbuda,2015,58.79
Antigua and Barbuda,2014,63.38
Antigua and Barbuda,2013,63.28
Antigua and Barbuda,2012,64.04
Antigua and Barbuda,2011,64.33
Antigua and Barbuda,2010,64.48
Antigua and Barbuda,2009, 
Antigua and Barbuda,2008, 
Antigua and Barbuda,2007, 
Antigua and Barbuda,2006, 
Argentina,2017,57.45
Argentina,2016,57.04
Argentina,2015,57.76
Argentina,2014,56.1
Argentina,2013,55.96
Argentina,2012,56.99
Argentina,2011,56.57
Argentina,2010,56.72
Argentina,2009, 
Argentina,2008, 
Argentina,2007, 
Argentina,2006, 
Argentina,2005, 
Argentina,2004, 
Armenia,2017,73.63
Armenia,2016,72.16
Armenia,2015,71.62
Armenia,2014,69.91
Armenia,2013,68.34
Armenia,2012,64.42
Armenia,2011,61.93
Armenia,2010,61.37
Armenia,2009, 
Armenia,2008, 
Armenia,2007, 
Armenia,2006, 
Armenia,2005, 
Armenia,2004, 
Australia,2017,80.26
Australia,2016,80.25
Australia,2015,79.94
Australia,2014,81.69
Australia,2013,81.63
Australia,2012,80.98
Australia,2011,81.15
Australia,2010,80.8
Australia,2009, 
Australia,2008, 
Australia,2007, 
Australia,2006, 
Australia,2005, 
Australia,2004, 
Austria,2017,78.92
Austria,2016,78.88
Austria,2015,78.36
Austria,2014,77.84
Austria,2013,77.87
Austria,2012,76.71
Austria,2011,76.72
Austria,2010,76.36
Austria,2009, 
Austria,2008, 
Austria,2007, 
Austria,2006, 
Austria,2005, 
Austria,2004, 
Azerbaijan,2017,67.99
Azerbaijan,2016,67.84
Azerbaijan,2015,66.65
Azerbaijan,2014,65.74
Azerbaijan,2013,64.3
Azerbaijan,2012,63.54
Azerbaijan,2011,62.37
Azerbaijan,2010,62.38
Azerbaijan,2009, 
Azerbaijan,2008, 
Azerbaijan,2007, 
Azerbaijan,2006, 
Azerbaijan,2005, 
Azerbaijan,2004, 
"Bahamas, The",2017,56.65
"Bahamas, The",2016,56.82
"Bahamas, The",2015,55.58
"Bahamas, The",2014,65
"Bahamas, The",2013,64.76
"Bahamas, The",2012,64.96
"Bahamas, The",2011,65.4
"Bahamas, The",2010,65.38
"Bahamas, The",2009, 
"Bahamas, The",2008, 
Bahrain,2017,68.44
Bahrain,2016,66.38
Bahrain,2015,66.55
Bahrain,2014,68.07
Bahrain,2013,67.35
Bahrain,2012,67.07
Bahrain,2011,67.02
Bahrain,2010,66.89
Bahrain,2009, 
Bahrain,2008, 
Bangladesh,2017,40.84
Bangladesh,2016,40.68
Bangladesh,2015,40.67
Bangladesh,2014,45.57
Bangladesh,2013,44.93
Bangladesh,2012,45.38
Bangladesh,2011,47.88
Bangladesh,2010,45.32
Bangladesh,2009, 
Bangladesh,2008, 
Bangladesh,2007, 
Bangladesh,2006, 
Bangladesh,2005, 
Bangladesh,2004, 
Bangladesh - Chittagong,2017,40.76
Bangladesh - Chittagong,2016,40.6
Bangladesh - Chittagong,2015,40.6
Bangladesh - Chittagong,2014,44.73
Bangladesh - Dhaka ,2017,40.86
Bangladesh - Dhaka ,2016,40.71
Bangladesh - Dhaka ,2015,40.69
Bangladesh - Dhaka ,2014,45.81
Bangladesh - Dhaka ,2013,44.93
Bangladesh - Dhaka ,2012,45.38
Bangladesh - Dhaka ,2011,47.88
Bangladesh - Dhaka ,2010,45.32
Bangladesh - Dhaka ,2009, 
Bangladesh - Dhaka ,2008, 
Bangladesh - Dhaka ,2007, 
Bangladesh - Dhaka ,2006, 
Bangladesh - Dhaka ,2005, 
Bangladesh - Dhaka ,2004, 
Barbados,2017,57.42
Barbados,2016,57.34
Barbados,2015,57.33
Barbados,2014,62.75
Barbados,2013,62.77
Barbados,2012,62.72
Belarus,2017,74.13
Belarus,2016,70.89
Belarus,2015,71.31
Belarus,2014,65.02
Belarus,2013,62.28
Belarus,2012,58.99
Belarus,2011,54.07
Belarus,2010,51.88
Belarus,2009, 
Belarus,2008, 
Belarus,2007, 
Belarus,2006, 
Belarus,2005, 
Belarus,2004, 
Belgium,2017,73
Belgium,2016,73.02
Belgium,2015,72.55
Belgium,2014,74.23
Belgium,2013,74.2
Belgium,2012,74.04
Belgium,2011,73.79
Belgium,2010,74.04
Belgium,2009, 
Belgium,2008, 
Belgium,2007, 
Belgium,2006, 
Belgium,2005, 
Belgium,2004, 
Belize,2017,58.06
Belize,2016,58.06
Belize,2015,57.52
Belize,2014,61.94
Belize,2013,61.91
Belize,2012,61.7
Belize,2011,61.11
Belize,2010,61.19
Belize,2009, 
Belize,2008, 
Belize,2007, 
Belize,2006, 
Benin,2017,48.52
Benin,2016,47.5
Benin,2015,45.58
Benin,2014,44.19
Benin,2013,43.8
Benin,2012,42.08
Benin,2011,39.64
Benin,2010,37.96
Benin,2009, 
Benin,2008, 
Benin,2007, 
Benin,2006, 
Benin,2005, 
Benin,2004, 
Bhutan,2017,65.37
Bhutan,2016,65.35
Bhutan,2015,64.78
Bhutan,2014,60.31
Bhutan,2013,59.32
Bhutan,2012,58.87
Bhutan,2011,55.98
Bhutan,2010,56.58
Bhutan,2009, 
Bhutan,2008, 
Bhutan,2007, 
Bhutan,2006, 
Bhutan,2005, 
Bhutan,2004, 
Bolivia,2017,49.85
Bolivia,2016,49.82
Bolivia,2015,48.42
Bolivia,2014,50.14
Bolivia,2013,50.45
Bolivia,2012,50.31
Bolivia,2011,49.98
Bolivia,2010,49.76
Bolivia,2009, 
Bolivia,2008, 
Bolivia,2007, 
Bolivia,2006, 
Bolivia,2005, 
Bolivia,2004, 
Bosnia and Herzegovina,2017,63.87
Bosnia and Herzegovina,2016,63.07
Bosnia and Herzegovina,2015,62.95
Bosnia and Herzegovina,2014,55.39
Bosnia and Herzegovina,2013,55.1
Bosnia and Herzegovina,2012,54.58
Bosnia and Herzegovina,2011,53.16
Bosnia and Herzegovina,2010,51.96
Bosnia and Herzegovina,2009, 
Bosnia and Herzegovina,2008, 
Bosnia and Herzegovina,2007, 
Bosnia and Herzegovina,2006, 
Bosnia and Herzegovina,2005, 
Bosnia and Herzegovina,2004, 
Botswana,2017,65.55
Botswana,2016,65.39
Botswana,2015,64.53
Botswana,2014,68.58
Botswana,2013,67.15
Botswana,2012,66.65
Botswana,2011,65.38
Botswana,2010,64.95
Botswana,2009, 
Botswana,2008, 
Botswana,2007, 
Botswana,2006, 
Botswana,2005, 
Botswana,2004, 
Brazil,2017,56.53
Brazil,2016,56.6
Brazil,2015,57.69
Brazil,2014,53.15
Brazil,2013,53.24
Brazil,2012,53.31
Brazil,2011,53.34
Brazil,2010,53.73
Brazil,2009, 
Brazil,2008, 
Brazil,2007, 
Brazil,2006, 
Brazil,2005, 
Brazil,2004, 
Brazil - Rio de Janeiro,2017,57.64
Brazil - Rio de Janeiro,2016,57.47
Brazil - Rio de Janeiro,2015,58.44
Brazil - Rio de Janeiro,2014,52.56
Brazil - SÌ£o Paulo ,2017,55.82
Brazil - SÌ£o Paulo ,2016,56.04
Brazil - SÌ£o Paulo ,2015,57.2
Brazil - SÌ£o Paulo ,2014,53.52
Brazil - SÌ£o Paulo ,2013,53.24
Brazil - SÌ£o Paulo ,2012,53.31
Brazil - SÌ£o Paulo ,2011,53.34
Brazil - SÌ£o Paulo ,2010,53.73
Brazil - SÌ£o Paulo ,2009, 
Brazil - SÌ£o Paulo ,2008, 
Brazil - SÌ£o Paulo ,2007, 
Brazil - SÌ£o Paulo ,2006, 
Brazil - SÌ£o Paulo ,2005, 
Brazil - SÌ£o Paulo ,2004, 
Brunei Darussalam,2017,65.51
Brunei Darussalam,2016,60.28
Brunei Darussalam,2015,57.39
Brunei Darussalam,2014,65.1
Brunei Darussalam,2013,62.6
Brunei Darussalam,2012,62.49
Brunei Darussalam,2011,60.99
Brunei Darussalam,2010,60.81
Brunei Darussalam,2009, 
Brunei Darussalam,2008, 
Brunei Darussalam,2007, 
Bulgaria,2017,73.51
Bulgaria,2016,73.08
Bulgaria,2015,73.06
Bulgaria,2014,68.82
Bulgaria,2013,68.51
Bulgaria,2012,68.07
Bulgaria,2011,68.38
Bulgaria,2010,68.25
Bulgaria,2009, 
Bulgaria,2008, 
Bulgaria,2007, 
Bulgaria,2006, 
Bulgaria,2005, 
Bulgaria,2004, 
Burkina Faso,2017,51.33
Burkina Faso,2016,51.06
Burkina Faso,2015,49.57
Burkina Faso,2014,45.41
Burkina Faso,2013,45.05
Burkina Faso,2012,44.76
Burkina Faso,2011,41.5
Burkina Faso,2010,40.19
Burkina Faso,2009, 
Burkina Faso,2008, 
Burkina Faso,2007, 
Burkina Faso,2006, 
Burkina Faso,2005, 
Burkina Faso,2004, 
Burundi,2017,47.37
Burundi,2016,47.25
Burundi,2015,48.11
Burundi,2014,49.34
Burundi,2013,45.97
Burundi,2012,41.22
Burundi,2011,35.17
Burundi,2010,34.98
Burundi,2009, 
Burundi,2008, 
Burundi,2007, 
Burundi,2006, 
Burundi,2005, 
Burundi,2004, 
Cabo Verde,2017,55.28
Cabo Verde,2016,55.3
Cabo Verde,2015,55.11
Cabo Verde,2014,59.36
Cabo Verde,2013,58.85
Cabo Verde,2012,58.58
Cabo Verde,2011,55.82
Cabo Verde,2010,53.32
Cabo Verde,2009, 
Cabo Verde,2008, 
Cabo Verde,2007, 
Cabo Verde,2006, 
Cambodia,2017,54.79
Cambodia,2016,54.54
Cambodia,2015,52.91
Cambodia,2014,52.15
Cambodia,2013,52.17
Cambodia,2012,50.99
Cambodia,2011,50.47
Cambodia,2010,50.12
Cambodia,2009, 
Cambodia,2008, 
Cambodia,2007, 
Cambodia,2006, 
Cambodia,2005, 
Cambodia,2004, 
Cameroon,2017,45.27
Cameroon,2016,44.48
Cameroon,2015,44.17
Cameroon,2014,48.48
Cameroon,2013,48.03
Cameroon,2012,46.99
Cameroon,2011,44.62
Cameroon,2010,42.57
Cameroon,2009, 
Cameroon,2008, 
Cameroon,2007, 
Cameroon,2006, 
Cameroon,2005, 
Cameroon,2004, 
Canada,2017,78.57
Canada,2016,78.79
Canada,2015,79.45
Canada,2014,80.52
Canada,2013,80.87
Canada,2012,80.4
Canada,2011,80.81
Canada,2010,79.82
Canada,2009, 
Canada,2008, 
Canada,2007, 
Canada,2006, 
Canada,2005, 
Canada,2004, 
Central African Republic,2017,36.25
Central African Republic,2016,36.27
Central African Republic,2015,36.45
Central African Republic,2014,32.75
Central African Republic,2013,32.46
Central African Republic,2012,33.71
Central African Republic,2011,27.51
Central African Republic,2010,27.5
Central African Republic,2009, 
Central African Republic,2008, 
Central African Republic,2007, 
Central African Republic,2006, 
Central African Republic,2005, 
Central African Republic,2004, 
Chad,2017,39.07
Chad,2016,38.25
Chad,2015,38.02
Chad,2014,32.06
Chad,2013,31.7
Chad,2012,31.72
Chad,2011,29.05
Chad,2010,29.43
Chad,2009, 
Chad,2008, 
Chad,2007, 
Chad,2006, 
Chad,2005, 
Chad,2004, 
Chile,2017,69.56
Chile,2016,69.48
Chile,2015,70.89
Chile,2014,72.12
Chile,2013,71.48
Chile,2012,72.21
Chile,2011,69.66
Chile,2010,68.27
Chile,2009, 
Chile,2008, 
Chile,2007, 
Chile,2006, 
Chile,2005, 
Chile,2004, 
China,2017,64.28
China,2016,62.86
China,2015,63.14
China,2014,61.13
China,2013,59.94
China,2012,58.58
China,2011,59.45
China,2010,56.52
China,2009, 
China,2008, 
China,2007, 
China,2006, 
China,2005, 
China,2004, 
China - Beijing,2017,63.98
China - Beijing,2016,62.52
China - Beijing,2015,62.82
China - Beijing,2014,61.04
China - Shanghai,2017,64.52
China - Shanghai,2016,63.14
China - Shanghai,2015,63.39
China - Shanghai,2014,61.2
China - Shanghai,2013,59.94
China - Shanghai,2012,58.58
China - Shanghai,2011,59.45
China - Shanghai,2010,56.52
China - Shanghai,2009, 
China - Shanghai,2008, 
China - Shanghai,2007, 
China - Shanghai,2006, 
China - Shanghai,2005, 
China - Shanghai,2004, 
Colombia,2017,70.92
Colombia,2016,70.45
Colombia,2015,70.37
Colombia,2014,70.03
Colombia,2013,68.99
Colombia,2012,69.03
Colombia,2011,66.85
Colombia,2010,65.7
Colombia,2009, 
Colombia,2008, 
Colombia,2007, 
Colombia,2006, 
Colombia,2005, 
Colombia,2004, 
Comoros,2017,48.69
Comoros,2016,47.94
Comoros,2015,45.68
Comoros,2014,49.39
Comoros,2013,48.5
Comoros,2012,47.15
Comoros,2011,45.29
Comoros,2010,44.96
Comoros,2009, 
Comoros,2008, 
Comoros,2007, 
Comoros,2006, 
"Congo, Dem Rep",2017,37.57
"Congo, Dem Rep",2016,37.53
"Congo, Dem Rep",2015,34.54
"Congo, Dem Rep",2014,37.8
"Congo, Dem Rep",2013,35.05
"Congo, Dem Rep",2012,34.65
"Congo, Dem Rep",2011,33.57
"Congo, Dem Rep",2010,30.41
"Congo, Dem Rep",2009, 
"Congo, Dem Rep",2008, 
"Congo, Dem Rep",2007, 
"Congo, Dem Rep",2006, 
"Congo, Dem Rep",2005, 
"Congo, Dem Rep",2004, 
"Congo, Rep",2017,40.58
"Congo, Rep",2016,41.07
"Congo, Rep",2015,41.14
"Congo, Rep",2014,40.24
"Congo, Rep",2013,38.55
"Congo, Rep",2012,37.42
"Congo, Rep",2011,34.44
"Congo, Rep",2010,36.8
"Congo, Rep",2009, 
"Congo, Rep",2008, 
"Congo, Rep",2007, 
"Congo, Rep",2006, 
"Congo, Rep",2005, 
"Congo, Rep",2004, 
Costa Rica,2017,68.5
Costa Rica,2016,68.49
Costa Rica,2015,63.12
Costa Rica,2014,62.37
Costa Rica,2013,60.09
Costa Rica,2012,57.64
Costa Rica,2011,56.4
Costa Rica,2010,56.71
Costa Rica,2009, 
Costa Rica,2008, 
Costa Rica,2007, 
Costa Rica,2006, 
Costa Rica,2005, 
Costa Rica,2004, 
Cote d‰ÛªIvoire,2017,52.31
Cote d‰ÛªIvoire,2016,51.6
Cote d‰ÛªIvoire,2015,50.42
Cote d‰ÛªIvoire,2014,47.89
Cote d‰ÛªIvoire,2013,44.76
Cote d‰ÛªIvoire,2012,44.11
Cote d‰ÛªIvoire,2011,41.44
Cote d‰ÛªIvoire,2010,41.3
Cote d‰ÛªIvoire,2009, 
Cote d‰ÛªIvoire,2008, 
Cote d‰ÛªIvoire,2007, 
Cote d‰ÛªIvoire,2006, 
Cote d‰ÛªIvoire,2005, 
Cote d‰ÛªIvoire,2004, 
Croatia,2017,72.99
Croatia,2016,72.78
Croatia,2015,72.2
Croatia,2014,63.79
Croatia,2013,62.65
Croatia,2012,62.98
Croatia,2011,61.76
Croatia,2010,61.33
Croatia,2009, 
Croatia,2008, 
Croatia,2007, 
Croatia,2006, 
Croatia,2005, 
Croatia,2004, 
Cyprus,2017,72.65
Cyprus,2016,72.48
Cyprus,2015,67.65
Cyprus,2014,69.38
Cyprus,2013,69.44
Cyprus,2012,69.14
Cyprus,2011,67.78
Cyprus,2010,66.55
Cyprus,2009, 
Czech Republic,2017,76.71
Czech Republic,2016,76.43
Czech Republic,2015,75.89
Czech Republic,2014,71.66
Czech Republic,2013,69.74
Czech Republic,2012,68.59
Czech Republic,2011,67.88
Czech Republic,2010,63.19
Czech Republic,2009, 
Czech Republic,2008, 
Czech Republic,2007, 
Czech Republic,2006, 
Czech Republic,2005, 
Czech Republic,2004, 
Denmark,2017,84.87
Denmark,2016,84.85
Denmark,2015,84.69
Denmark,2014,85.71
Denmark,2013,85.79
Denmark,2012,85.72
Denmark,2011,85.42
Denmark,2010,84.24
Denmark,2009, 
Denmark,2008, 
Denmark,2007, 
Denmark,2006, 
Denmark,2005, 
Denmark,2004, 
Djibouti,2017,44.5
Djibouti,2016,44.42
Djibouti,2015,44.69
Djibouti,2014,48.7
Djibouti,2013,44.5
Djibouti,2012,44.05
Djibouti,2011,43.52
Djibouti,2010,44.3
Djibouti,2009, 
Djibouti,2008, 
Djibouti,2007, 
Djibouti,2006, 
Dominica,2017,60.27
Dominica,2016,60.52
Dominica,2015,60.76
Dominica,2014,64.25
Dominica,2013,64.3
Dominica,2012,64.06
Dominica,2011,63.88
Dominica,2010,63.97
Dominica,2009, 
Dominica,2008, 
Dominica,2007, 
Dominica,2006, 
Dominican Republic,2017,59.35
Dominican Republic,2016,59.08
Dominican Republic,2015,60.27
Dominican Republic,2014,62.34
Dominican Republic,2013,62.24
Dominican Republic,2012,62.39
Dominican Republic,2011,62.7
Dominican Republic,2010,63.07
Dominican Republic,2009, 
Dominican Republic,2008, 
Dominican Republic,2007, 
Dominican Republic,2006, 
Dominican Republic,2005, 
Dominican Republic,2004, 
Ecuador,2017,57.97
Ecuador,2016,57.49
Ecuador,2015,57.62
Ecuador,2014,57.96
Ecuador,2013,57.47
Ecuador,2012,57.85
Ecuador,2011,57.5
Ecuador,2010,57.44
Ecuador,2009, 
Ecuador,2008, 
Ecuador,2007, 
Ecuador,2006, 
Ecuador,2005, 
Ecuador,2004, 
"Egypt, Arab Rep",2017,56.64
"Egypt, Arab Rep",2016,55.18
"Egypt, Arab Rep",2015,55.87
"Egypt, Arab Rep",2014,59.99
"Egypt, Arab Rep",2013,59.61
"Egypt, Arab Rep",2012,59.08
"Egypt, Arab Rep",2011,57.92
"Egypt, Arab Rep",2010,56.99
"Egypt, Arab Rep",2009, 
"Egypt, Arab Rep",2008, 
"Egypt, Arab Rep",2007, 
"Egypt, Arab Rep",2006, 
"Egypt, Arab Rep",2005, 
"Egypt, Arab Rep",2004, 
El Salvador,2017,61.02
El Salvador,2016,62.2
El Salvador,2015,60.6
El Salvador,2014,60.68
El Salvador,2013,60.52
El Salvador,2012,60.49
El Salvador,2011,60.32
El Salvador,2010,60.82
El Salvador,2009, 
El Salvador,2008, 
El Salvador,2007, 
El Salvador,2006, 
El Salvador,2005, 
El Salvador,2004, 
Equatorial Guinea,2017,39.83
Equatorial Guinea,2016,41.36
Equatorial Guinea,2015,40.46
Equatorial Guinea,2014,47.76
Equatorial Guinea,2013,47.74
Equatorial Guinea,2012,47.4
Equatorial Guinea,2011,44.94
Equatorial Guinea,2010,45.63
Equatorial Guinea,2009, 
Equatorial Guinea,2008, 
Equatorial Guinea,2007, 
Equatorial Guinea,2006, 
Eritrea,2017,28.05
Eritrea,2016,27.94
Eritrea,2015,26.4
Eritrea,2014,32.81
Eritrea,2013,32.48
Eritrea,2012,31.62
Eritrea,2011,31.37
Eritrea,2010,30.21
Eritrea,2009, 
Eritrea,2008, 
Eritrea,2007, 
Eritrea,2006, 
Eritrea,2005, 
Estonia,2017,81.05
Estonia,2016,81.01
Estonia,2015,80.44
Estonia,2014,76.29
Estonia,2013,75.59
Estonia,2012,75.96
Estonia,2011,76.32
Estonia,2010,75.97
Estonia,2009, 
Estonia,2008, 
Estonia,2007, 
Estonia,2006, 
Estonia,2005, 
Estonia,2004, 
Ethiopia,2017,47.25
Ethiopia,2016,46.85
Ethiopia,2015,45.73
Ethiopia,2014,47.56
Ethiopia,2013,48.65
Ethiopia,2012,47.97
Ethiopia,2011,47.95
Ethiopia,2010,45.91
Ethiopia,2009, 
Ethiopia,2008, 
Ethiopia,2007, 
Ethiopia,2006, 
Ethiopia,2005, 
Ethiopia,2004, 
Fiji,2017,60.71
Fiji,2016,62.47
Fiji,2015,62.36
Fiji,2014,66.89
Fiji,2013,67.19
Fiji,2012,68.01
Fiji,2011,68.13
Fiji,2010,67.87
Fiji,2009, 
Fiji,2008, 
Fiji,2007, 
Fiji,2006, 
Fiji,2005, 
Fiji,2004, 
Finland,2017,80.84
Finland,2016,80.85
Finland,2015,80.65
Finland,2014,82.18
Finland,2013,82.09
Finland,2012,82.05
Finland,2011,81.31
Finland,2010,80.76
Finland,2009, 
Finland,2008, 
Finland,2007, 
Finland,2006, 
Finland,2005, 
Finland,2004, 
France,2017,76.27
France,2016,76.21
France,2015,75.34
France,2014,70.04
France,2013,70.29
France,2012,70.49
France,2011,70.46
France,2010,69.79
France,2009, 
France,2008, 
France,2007, 
France,2006, 
France,2005, 
France,2004, 
Gabon,2017,45.88
Gabon,2016,46.16
Gabon,2015,47.09
Gabon,2014,51.44
Gabon,2013,50.22
Gabon,2012,50.66
Gabon,2011,48.28
Gabon,2010,47.48
Gabon,2009, 
Gabon,2008, 
Gabon,2007, 
Gabon,2006, 
"Gambia, The",2017,51.7
"Gambia, The",2016,49.28
"Gambia, The",2015,48.65
"Gambia, The",2014,51.25
"Gambia, The",2013,51.71
"Gambia, The",2012,49.96
"Gambia, The",2011,48.88
"Gambia, The",2010,48.58
"Gambia, The",2009, 
"Gambia, The",2008, 
"Gambia, The",2007, 
"Gambia, The",2006, 
Georgia,2017,80.2
Georgia,2016,77.72
Georgia,2015,77.01
Georgia,2014,82.09
Georgia,2013,81.55
Georgia,2012,79.31
Georgia,2011,76.61
Georgia,2010,74.18
Georgia,2009, 
Georgia,2008, 
Georgia,2007, 
Georgia,2006, 
Georgia,2005, 
Georgia,2004, 
Germany,2017,79.87
Germany,2016,79.88
Germany,2015,79.2
Germany,2014,79.55
Germany,2013,79.24
Germany,2012,79.59
Germany,2011,79.45
Germany,2010,79.49
Germany,2009, 
Germany,2008, 
Germany,2007, 
Germany,2006, 
Germany,2005, 
Germany,2004, 
Ghana,2017,58.82
Ghana,2016,57.87
Ghana,2015,58.63
Ghana,2014,67.15
Ghana,2013,67.92
Ghana,2012,64.37
Ghana,2011,63.73
Ghana,2010,61.62
Ghana,2009, 
Ghana,2008, 
Ghana,2007, 
Ghana,2006, 
Ghana,2005, 
Ghana,2004, 
Greece,2017,68.67
Greece,2016,68.67
Greece,2015,68.56
Greece,2014,63.35
Greece,2013,62.66
Greece,2012,60.66
Greece,2011,60.42
Greece,2010,62.44
Greece,2009, 
Greece,2008, 
Greece,2007, 
Greece,2006, 
Greece,2005, 
Greece,2004, 
Grenada,2017,53.75
Grenada,2016,53.93
Grenada,2015,54
Grenada,2014,60.37
Grenada,2013,60.49
Grenada,2012,60.37
Grenada,2011,60.36
Grenada,2010,59.28
Grenada,2009, 
Grenada,2008, 
Grenada,2007, 
Grenada,2006, 
Guatemala,2017,62.93
Guatemala,2016,62.44
Guatemala,2015,63.4
Guatemala,2014,65.21
Guatemala,2013,62.12
Guatemala,2012,61.66
Guatemala,2011,61.24
Guatemala,2010,61.29
Guatemala,2009, 
Guatemala,2008, 
Guatemala,2007, 
Guatemala,2006, 
Guatemala,2005, 
Guatemala,2004, 
Guinea,2017,46.23
Guinea,2016,46.16
Guinea,2015,43.85
Guinea,2014,44.94
Guinea,2013,41.87
Guinea,2012,39.05
Guinea,2011,36.43
Guinea,2010,37.7
Guinea,2009, 
Guinea,2008, 
Guinea,2007, 
Guinea,2006, 
Guinea,2005, 
Guinea,2004, 
Guinea-Bissau,2017,41.63
Guinea-Bissau,2016,40.86
Guinea-Bissau,2015,39.52
Guinea-Bissau,2014,44.14
Guinea-Bissau,2013,42.21
Guinea-Bissau,2012,41.07
Guinea-Bissau,2011,33.69
Guinea-Bissau,2010,33.54
Guinea-Bissau,2009, 
Guinea-Bissau,2008, 
Guinea-Bissau,2007, 
Guinea-Bissau,2006, 
Guyana,2017,56.26
Guyana,2016,51.38
Guyana,2015,53.21
Guyana,2014,58.59
Guyana,2013,58.25
Guyana,2012,58.06
Guyana,2011,58.37
Guyana,2010,57.99
Guyana,2009, 
Guyana,2008, 
Guyana,2007, 
Guyana,2006, 
Guyana,2005, 
Haiti,2017,38.66
Haiti,2016,38.51
Haiti,2015,39.42
Haiti,2014,42.82
Haiti,2013,42.63
Haiti,2012,42.55
Haiti,2011,43.12
Haiti,2010,42.99
Haiti,2009, 
Haiti,2008, 
Haiti,2007, 
Haiti,2006, 
Haiti,2005, 
Haiti,2004, 
Honduras,2017,59.09
Honduras,2016,59.16
Honduras,2015,58.03
Honduras,2014,59.68
Honduras,2013,59.91
Honduras,2012,59.23
Honduras,2011,58.3
Honduras,2010,59.08
Honduras,2009, 
Honduras,2008, 
Honduras,2007, 
Honduras,2006, 
Honduras,2005, 
Honduras,2004, 
"Hong Kong SAR, China",2017,84.21
"Hong Kong SAR, China",2016,83.77
"Hong Kong SAR, China",2015,82.97
"Hong Kong SAR, China",2014,88.67
"Hong Kong SAR, China",2013,89.33
"Hong Kong SAR, China",2012,89.34
"Hong Kong SAR, China",2011,88.67
"Hong Kong SAR, China",2010,88.28
"Hong Kong SAR, China",2009, 
"Hong Kong SAR, China",2008, 
"Hong Kong SAR, China",2007, 
"Hong Kong SAR, China",2006, 
"Hong Kong SAR, China",2005, 
"Hong Kong SAR, China",2004, 
Hungary,2017,73.07
Hungary,2016,72.74
Hungary,2015,72.36
Hungary,2014,66.92
Hungary,2013,66.92
Hungary,2012,66.94
Hungary,2011,67.2
Hungary,2010,65.39
Hungary,2009, 
Hungary,2008, 
Hungary,2007, 
Hungary,2006, 
Hungary,2005, 
Hungary,2004, 
Iceland,2017,78.91
Iceland,2016,78.88
Iceland,2015,78.7
Iceland,2014,83.04
Iceland,2013,82.04
Iceland,2012,81.92
Iceland,2011,81.01
Iceland,2010,80.7
Iceland,2009, 
Iceland,2008, 
Iceland,2007, 
Iceland,2006, 
Iceland,2005, 
India,2017,55.27
India,2016,53.93
India,2015,52.87
India,2014,50.34
India,2013,52.74
India,2012,52.41
India,2011,50.09
India,2010,48.77
India,2009, 
India,2008, 
India,2007, 
India,2006, 
India,2005, 
India,2004, 
India - Delhi,2017,55.05
India - Delhi,2016,53.23
India - Delhi,2015,51.85
India - Delhi,2014,48.05
India - Mumbai,2017,55.52
India - Mumbai,2016,54.71
India - Mumbai,2015,54.02
India - Mumbai,2014,52.93
India - Mumbai,2013,52.74
India - Mumbai,2012,52.41
India - Mumbai,2011,50.09
India - Mumbai,2010,48.77
India - Mumbai,2009, 
India - Mumbai,2008, 
India - Mumbai,2007, 
India - Mumbai,2006, 
India - Mumbai,2005, 
India - Mumbai,2004, 
Indonesia,2017,61.52
Indonesia,2016,58.51
Indonesia,2015,56.68
Indonesia,2014,57.32
Indonesia,2013,58.72
Indonesia,2012,58.39
Indonesia,2011,57.46
Indonesia,2010,56.84
Indonesia,2009, 
Indonesia,2008, 
Indonesia,2007, 
Indonesia,2006, 
Indonesia,2005, 
Indonesia,2004, 
Indonesia - Jakarta,2017,61.77
Indonesia - Jakarta,2016,58.76
Indonesia - Jakarta,2015,56.9
Indonesia - Jakarta,2014,57.27
Indonesia - Jakarta,2013,58.72
Indonesia - Jakarta,2012,58.39
Indonesia - Jakarta,2011,57.46
Indonesia - Jakarta,2010,56.84
Indonesia - Jakarta,2009, 
Indonesia - Jakarta,2008, 
Indonesia - Jakarta,2007, 
Indonesia - Jakarta,2006, 
Indonesia - Jakarta,2005, 
Indonesia - Jakarta,2004, 
Indonesia - Surabaya,2017,60.62
Indonesia - Surabaya,2016,57.63
Indonesia - Surabaya,2015,55.93
Indonesia - Surabaya,2014,57.5
"Iran, Islamic Rep",2017,57.26
"Iran, Islamic Rep",2016,57.08
"Iran, Islamic Rep",2015,56.27
"Iran, Islamic Rep",2014,58.81
"Iran, Islamic Rep",2013,58.66
"Iran, Islamic Rep",2012,57.08
"Iran, Islamic Rep",2011,56.98
"Iran, Islamic Rep",2010,56.78
"Iran, Islamic Rep",2009, 
"Iran, Islamic Rep",2008, 
"Iran, Islamic Rep",2007, 
"Iran, Islamic Rep",2006, 
"Iran, Islamic Rep",2005, 
"Iran, Islamic Rep",2004, 
Iraq,2017,45.61
Iraq,2016,44.99
Iraq,2015,45.09
Iraq,2014,49.49
Iraq,2013,48.9
Iraq,2012,47.76
Iraq,2011,47.55
Iraq,2010,48.18
Iraq,2009, 
Iraq,2008, 
Iraq,2007, 
Iraq,2006, 
Iraq,2005, 
Ireland,2017,79.53
Ireland,2016,79.25
Ireland,2015,79.01
Ireland,2014,83.07
Ireland,2013,82.48
Ireland,2012,81.54
Ireland,2011,82.02
Ireland,2010,82.61
Ireland,2009, 
Ireland,2008, 
Ireland,2007, 
Ireland,2006, 
Ireland,2005, 
Ireland,2004, 
Israel,2017,71.65
Israel,2016,71.44
Israel,2015,71.64
Israel,2014,73.21
Israel,2013,72.69
Israel,2012,71.62
Israel,2011,71.65
Israel,2010,71.13
Israel,2009, 
Israel,2008, 
Israel,2007, 
Israel,2006, 
Israel,2005, 
Israel,2004, 
Italy,2017,72.25
Italy,2016,71.97
Italy,2015,71.96
Italy,2014,68.18
Italy,2013,67.39
Italy,2012,66.83
Italy,2011,66.5
Italy,2010,66.12
Italy,2009, 
Italy,2008, 
Italy,2007, 
Italy,2006, 
Italy,2005, 
Italy,2004, 
Jamaica,2017,67.54
Jamaica,2016,66.73
Jamaica,2015,65.84
Jamaica,2014,64.58
Jamaica,2013,64.54
Jamaica,2012,62.74
Jamaica,2011,62.56
Jamaica,2010,61.66
Jamaica,2009, 
Jamaica,2008, 
Jamaica,2007, 
Jamaica,2006, 
Jamaica,2005, 
Jamaica,2004, 
Japan,2017,75.53
Japan,2016,75.36
Japan,2015,75.19
Japan,2014,78.39
Japan,2013,78.81
Japan,2012,78.88
Japan,2011,77.98
Japan,2010,78.39
Japan,2009, 
Japan,2008, 
Japan,2007, 
Japan,2006, 
Japan,2005, 
Japan,2004, 
Japan - Osaka,2017,75.44
Japan - Osaka,2016,75.27
Japan - Osaka,2015,75.06
Japan - Osaka,2014,77.13
Japan - Tokyo,2017,75.58
Japan - Tokyo,2016,75.41
Japan - Tokyo,2015,75.26
Japan - Tokyo,2014,79.07
Japan - Tokyo,2013,78.81
Japan - Tokyo,2012,78.88
Japan - Tokyo,2011,77.98
Japan - Tokyo,2010,78.39
Japan - Tokyo,2009, 
Japan - Tokyo,2008, 
Japan - Tokyo,2007, 
Japan - Tokyo,2006, 
Japan - Tokyo,2005, 
Japan - Tokyo,2004, 
Jordan,2017,57.3
Jordan,2016,57.02
Jordan,2015,57.96
Jordan,2014,57.88
Jordan,2013,58.07
Jordan,2012,58.02
Jordan,2011,57.17
Jordan,2010,56.75
Jordan,2009, 
Jordan,2008, 
Jordan,2007, 
Jordan,2006, 
Jordan,2005, 
Jordan,2004, 
Kazakhstan,2017,75.09
Kazakhstan,2016,70.45
Kazakhstan,2015,68.88
Kazakhstan,2014,63.37
Kazakhstan,2013,62.69
Kazakhstan,2012,62.66
Kazakhstan,2011,59.74
Kazakhstan,2010,56.81
Kazakhstan,2009, 
Kazakhstan,2008, 
Kazakhstan,2007, 
Kazakhstan,2006, 
Kazakhstan,2005, 
Kazakhstan,2004, 
Kenya,2017,61.22
Kenya,2016,57.5
Kenya,2015,54.17
Kenya,2014,57.4
Kenya,2013,57.32
Kenya,2012,57.08
Kenya,2011,56.93
Kenya,2010,57.46
Kenya,2009, 
Kenya,2008, 
Kenya,2007, 
Kenya,2006, 
Kenya,2005, 
Kenya,2004, 
Kiribati,2017,49.19
Kiribati,2016,48.51
Kiribati,2015,50.6
Kiribati,2014,58.51
Kiribati,2013,58.61
Kiribati,2012,58.63
Kiribati,2011,58.58
Kiribati,2010,58.72
Kiribati,2009, 
Kiribati,2008, 
Kiribati,2007, 
Kiribati,2006, 
Kiribati,2005, 
Kiribati,2004, 
"Korea, Rep",2017,84.07
"Korea, Rep",2016,83.86
"Korea, Rep",2015,83.69
"Korea, Rep",2014,83.92
"Korea, Rep",2013,83.74
"Korea, Rep",2012,82.69
"Korea, Rep",2011,81.77
"Korea, Rep",2010,81.53
"Korea, Rep",2009, 
"Korea, Rep",2008, 
"Korea, Rep",2007, 
"Korea, Rep",2006, 
"Korea, Rep",2005, 
"Korea, Rep",2004, 
Kosovo,2017,68.79
Kosovo,2016,67.15
Kosovo,2015,67.2
Kosovo,2014,65.45
Kosovo,2013,62.09
Kosovo,2012,56.43
Kosovo,2011,56.34
Kosovo,2010,56.56
Kuwait,2017,59.55
Kuwait,2016,60.12
Kuwait,2015,59.59
Kuwait,2014,61.59
Kuwait,2013,61.3
Kuwait,2012,61.43
Kuwait,2011,60.37
Kuwait,2010,60.43
Kuwait,2009, 
Kuwait,2008, 
Kuwait,2007, 
Kuwait,2006, 
Kuwait,2005, 
Kuwait,2004, 
Kyrgyz Republic,2017,65.17
Kyrgyz Republic,2016,65.09
Kyrgyz Republic,2015,65.13
Kyrgyz Republic,2014,64.92
Kyrgyz Republic,2013,63.32
Kyrgyz Republic,2012,61.45
Kyrgyz Republic,2011,62.87
Kyrgyz Republic,2010,60.89
Kyrgyz Republic,2009, 
Kyrgyz Republic,2008, 
Kyrgyz Republic,2007, 
Kyrgyz Republic,2006, 
Kyrgyz Republic,2005, 
Kyrgyz Republic,2004, 
Lao PDR,2017,53.29
Lao PDR,2016,52.44
Lao PDR,2015,50.79
Lao PDR,2014,50.27
Lao PDR,2013,49.65
Lao PDR,2012,49.29
Lao PDR,2011,48.36
Lao PDR,2010,46.44
Lao PDR,2009, 
Lao PDR,2008, 
Lao PDR,2007, 
Lao PDR,2006, 
Lao PDR,2005, 
Lao PDR,2004, 
Latvia,2017,80.61
Latvia,2016,79.14
Latvia,2015,78.29
Latvia,2014,78.24
Latvia,2013,77.08
Latvia,2012,76.93
Latvia,2011,73.88
Latvia,2010,73.35
Latvia,2009, 
Latvia,2008, 
Latvia,2007, 
Latvia,2006, 
Latvia,2005, 
Latvia,2004, 
Lebanon,2017,55.9
Lebanon,2016,56.08
Lebanon,2015,56.65
Lebanon,2014,62.22
Lebanon,2013,62.47
Lebanon,2012,62.03
Lebanon,2011,61.63
Lebanon,2010,61.31
Lebanon,2009, 
Lebanon,2008, 
Lebanon,2007, 
Lebanon,2006, 
Lebanon,2005, 
Lebanon,2004, 
Lesotho,2017,60.37
Lesotho,2016,57.56
Lesotho,2015,57.31
Lesotho,2014,56.55
Lesotho,2013,54.42
Lesotho,2012,51.74
Lesotho,2011,51.51
Lesotho,2010,50.44
Lesotho,2009, 
Lesotho,2008, 
Lesotho,2007, 
Lesotho,2006, 
Lesotho,2005, 
Lesotho,2004, 
Liberia,2017,41.41
Liberia,2016,41.53
Liberia,2015,39.63
Liberia,2014,50.2
Liberia,2013,48.11
Liberia,2012,45.76
Liberia,2011,41.79
Liberia,2010,41.03
Liberia,2009, 
Liberia,2008, 
Liberia,2007, 
Libya,2017,33.19
Libya,2016,33.33
Libya,2015,32.84
Libya,2014,35.43
Libya,2013,34.92
Lithuania,2017,78.84
Lithuania,2016,78.6
Lithuania,2015,77.6
Lithuania,2014,75.88
Lithuania,2013,74.02
Lithuania,2012,74
Lithuania,2011,73.45
Lithuania,2010,73.42
Lithuania,2009, 
Lithuania,2008, 
Lithuania,2007, 
Lithuania,2006, 
Lithuania,2005, 
Lithuania,2004, 
Luxembourg,2017,68.81
Luxembourg,2016,68.79
Luxembourg,2015,68.77
Luxembourg,2014,67.01
Luxembourg,2013,66.96
Luxembourg,2012,66.92
Luxembourg,2011,65.98
Luxembourg,2010,65.67
Luxembourg,2009, 
Luxembourg,2008, 
Luxembourg,2007, 
"Macedonia, FYR",2017,81.74
"Macedonia, FYR",2016,79.19
"Macedonia, FYR",2015,78.95
"Macedonia, FYR",2014,74.03
"Macedonia, FYR",2013,69.97
"Macedonia, FYR",2012,69.14
"Macedonia, FYR",2011,66.14
"Macedonia, FYR",2010,65.78
"Macedonia, FYR",2009, 
"Macedonia, FYR",2008, 
"Macedonia, FYR",2007, 
"Macedonia, FYR",2006, 
"Macedonia, FYR",2005, 
"Macedonia, FYR",2004, 
Madagascar,2017,45.1
Madagascar,2016,44.22
Madagascar,2015,43.97
Madagascar,2014,46.41
Madagascar,2013,46.46
Madagascar,2012,46.64
Madagascar,2011,44.9
Madagascar,2010,45.53
Madagascar,2009, 
Madagascar,2008, 
Madagascar,2007, 
Madagascar,2006, 
Madagascar,2005, 
Madagascar,2004, 
Malawi,2017,54.39
Malawi,2016,51.11
Malawi,2015,50.04
Malawi,2014,49.45
Malawi,2013,48.17
Malawi,2012,49.6
Malawi,2011,49.2
Malawi,2010,48.32
Malawi,2009, 
Malawi,2008, 
Malawi,2007, 
Malawi,2006, 
Malawi,2005, 
Malawi,2004, 
Malaysia,2017,78.11
Malaysia,2016,78.18
Malaysia,2015,78.64
Malaysia,2014,81.2
Malaysia,2013,79.44
Malaysia,2012,79.31
Malaysia,2011,76.39
Malaysia,2010,74.61
Malaysia,2009, 
Malaysia,2008, 
Malaysia,2007, 
Malaysia,2006, 
Malaysia,2005, 
Malaysia,2004, 
Maldives,2017,53.94
Maldives,2016,53.99
Maldives,2015,54.48
Maldives,2014,62.56
Maldives,2013,64.34
Maldives,2012,66.3
Maldives,2011,63.58
Maldives,2010,59.28
Maldives,2009, 
Maldives,2008, 
Maldives,2007, 
Maldives,2006, 
Maldives,2005, 
Maldives,2004, 
Mali,2017,52.96
Mali,2016,50.71
Mali,2015,50.27
Mali,2014,50.13
Mali,2013,49.77
Mali,2012,48.55
Mali,2011,47.08
Mali,2010,43.87
Mali,2009, 
Mali,2008, 
Mali,2007, 
Mali,2006, 
Mali,2005, 
Mali,2004, 
Malta,2017,65.01
Malta,2016,62.52
Malta,2015,63.84
Malta,2014,62.34
Malta,2013,62.05
Malta,2012,62.1
Marshall Islands,2017,51.92
Marshall Islands,2016,51.9
Marshall Islands,2015,51.9
Marshall Islands,2014,57.81
Marshall Islands,2013,57.6
Marshall Islands,2012,57.67
Marshall Islands,2011,57.69
Marshall Islands,2010,55.13
Marshall Islands,2009, 
Marshall Islands,2008, 
Marshall Islands,2007, 
Marshall Islands,2006, 
Marshall Islands,2005, 
Marshall Islands,2004, 
Mauritania,2017,47.21
Mauritania,2016,45.58
Mauritania,2015,41.72
Mauritania,2014,46.23
Mauritania,2013,45.85
Mauritania,2012,45.48
Mauritania,2011,42.78
Mauritania,2010,41.56
Mauritania,2009, 
Mauritania,2008, 
Mauritania,2007, 
Mauritania,2006, 
Mauritania,2005, 
Mauritania,2004, 
Mauritius,2017,72.27
Mauritius,2016,72.18
Mauritius,2015,72.41
Mauritius,2014,77.18
Mauritius,2013,76.47
Mauritius,2012,74.01
Mauritius,2011,73.91
Mauritius,2010,73.35
Mauritius,2009, 
Mauritius,2008, 
Mauritius,2007, 
Mauritius,2006, 
Mauritius,2005, 
Mexico,2017,72.29
Mexico,2016,71.95
Mexico,2015,71.16
Mexico,2014,69.56
Mexico,2013,69.46
Mexico,2012,67.69
Mexico,2011,66.08
Mexico,2010,64.71
Mexico,2009, 
Mexico,2008, 
Mexico,2007, 
Mexico,2006, 
Mexico,2005, 
Mexico,2004, 
Mexico - Mexico City,2017,71.55
Mexico - Mexico City,2016,71.17
Mexico - Mexico City,2015,70.34
Mexico - Mexico City,2014,69.22
Mexico - Mexico City,2013,69.46
Mexico - Mexico City,2012,67.69
Mexico - Mexico City,2011,66.08
Mexico - Mexico City,2010,64.71
Mexico - Mexico City,2009, 
Mexico - Mexico City,2008, 
Mexico - Mexico City,2007, 
Mexico - Mexico City,2006, 
Mexico - Mexico City,2005, 
Mexico - Mexico City,2004, 
Mexico - Monterrey,2017,75.93
Mexico - Monterrey,2016,75.73
Mexico - Monterrey,2015,75.2
Mexico - Monterrey,2014,71.24
"Micronesia, Fed Sts",2017,49.48
"Micronesia, Fed Sts",2016,49.48
"Micronesia, Fed Sts",2015,49.49
"Micronesia, Fed Sts",2014,48.19
"Micronesia, Fed Sts",2013,50.22
"Micronesia, Fed Sts",2012,50.22
"Micronesia, Fed Sts",2011,50.16
"Micronesia, Fed Sts",2010,50.16
"Micronesia, Fed Sts",2009, 
"Micronesia, Fed Sts",2008, 
"Micronesia, Fed Sts",2007, 
"Micronesia, Fed Sts",2006, 
"Micronesia, Fed Sts",2005, 
"Micronesia, Fed Sts",2004, 
Moldova,2017,72.75
Moldova,2016,71.64
Moldova,2015,71.08
Moldova,2014,62.26
Moldova,2013,61.16
Moldova,2012,60.22
Moldova,2011,59.21
Moldova,2010,58.59
Moldova,2009, 
Moldova,2008, 
Moldova,2007, 
Moldova,2006, 
Moldova,2005, 
Moldova,2004, 
Mongolia,2017,68.15
Mongolia,2016,67.31
Mongolia,2015,66.56
Mongolia,2014,63.19
Mongolia,2013,61.83
Mongolia,2012,60.03
Mongolia,2011,58.81
Mongolia,2010,58.73
Mongolia,2009, 
Mongolia,2008, 
Mongolia,2007, 
Mongolia,2006, 
Mongolia,2005, 
Mongolia,2004, 
Montenegro,2017,72.08
Montenegro,2016,71.47
Montenegro,2015,70.33
Montenegro,2014,66.24
Montenegro,2013,64.82
Montenegro,2012,63.14
Montenegro,2011,61.65
Montenegro,2010,60.68
Montenegro,2009, 
Montenegro,2008, 
Montenegro,2007, 
Morocco,2017,67.5
Morocco,2016,65.82
Morocco,2015,64.21
Morocco,2014,64.38
Morocco,2013,62.82
Morocco,2012,63.37
Morocco,2011,60.04
Morocco,2010,60.62
Morocco,2009, 
Morocco,2008, 
Morocco,2007, 
Morocco,2006, 
Morocco,2005, 
Morocco,2004, 
Mozambique,2017,53.78
Mozambique,2016,53.82
Mozambique,2015,53.64
Mozambique,2014,54.77
Mozambique,2013,53.03
Mozambique,2012,52.73
Mozambique,2011,53.83
Mozambique,2010,52.73
Mozambique,2009, 
Mozambique,2008, 
Mozambique,2007, 
Mozambique,2006, 
Mozambique,2005, 
Mozambique,2004, 
Myanmar,2017,44.56
Myanmar,2016,44.01
Myanmar,2015,39.42
Myanmar,2014,43.14
Myanmar,2013,42.28
Namibia,2017,58.82
Namibia,2016,58.86
Namibia,2015,58.28
Namibia,2014,63.62
Namibia,2013,63.78
Namibia,2012,63.34
Namibia,2011,63.22
Namibia,2010,63.19
Namibia,2009, 
Namibia,2008, 
Namibia,2007, 
Namibia,2006, 
Namibia,2005, 
Namibia,2004, 
Nepal,2017,58.88
Nepal,2016,59.36
Nepal,2015,60.07
Nepal,2014,60.89
Nepal,2013,60.1
Nepal,2012,59.56
Nepal,2011,58.13
Nepal,2010,60.43
Nepal,2009, 
Nepal,2008, 
Nepal,2007, 
Nepal,2006, 
Nepal,2005, 
Nepal,2004, 
Netherlands,2017,76.38
Netherlands,2016,76.33
Netherlands,2015,76.03
Netherlands,2014,77.1
Netherlands,2013,77.14
Netherlands,2012,75.88
Netherlands,2011,75.21
Netherlands,2010,75.2
Netherlands,2009, 
Netherlands,2008, 
Netherlands,2007, 
Netherlands,2006, 
Netherlands,2005, 
Netherlands,2004, 
New Zealand,2017,87.01
New Zealand,2016,86.96
New Zealand,2015,86.7
New Zealand,2014,89.32
New Zealand,2013,89.45
New Zealand,2012,89.09
New Zealand,2011,89.08
New Zealand,2010,88.84
New Zealand,2009, 
New Zealand,2008, 
New Zealand,2007, 
New Zealand,2006, 
New Zealand,2005, 
New Zealand,2004, 
Nicaragua,2017,55.75
Nicaragua,2016,55.65
Nicaragua,2015,56.57
Nicaragua,2014,58.88
Nicaragua,2013,58.09
Nicaragua,2012,57.39
Nicaragua,2011,54.23
Nicaragua,2010,54.13
Nicaragua,2009, 
Nicaragua,2008, 
Nicaragua,2007, 
Nicaragua,2006, 
Nicaragua,2005, 
Nicaragua,2004, 
Niger,2017,49.57
Niger,2016,47.07
Niger,2015,45.39
Niger,2014,42.89
Niger,2013,42.65
Niger,2012,40.94
Niger,2011,37.69
Niger,2010,36.64
Niger,2009, 
Niger,2008, 
Niger,2007, 
Niger,2006, 
Niger,2005, 
Niger,2004, 
Nigeria,2017,44.63
Nigeria,2016,44.02
Nigeria,2015,43.27
Nigeria,2014,45.01
Nigeria,2013,43.54
Nigeria,2012,43.76
Nigeria,2011,42.5
Nigeria,2010,42.67
Nigeria,2009, 
Nigeria,2008, 
Nigeria,2007, 
Nigeria,2006, 
Nigeria,2005, 
Nigeria,2004, 
Nigeria - Kano,2017,46.99
Nigeria - Kano,2016,46.26
Nigeria - Kano,2015,46.11
Nigeria - Kano,2014,46.56
Nigeria - Lagos,2017,43.93
Nigeria - Lagos,2016,43.36
Nigeria - Lagos,2015,42.42
Nigeria - Lagos,2014,44.54
Nigeria - Lagos,2013,43.54
Nigeria - Lagos,2012,43.76
Nigeria - Lagos,2011,42.5
Nigeria - Lagos,2010,42.67
Nigeria - Lagos,2009, 
Nigeria - Lagos,2008, 
Nigeria - Lagos,2007, 
Nigeria - Lagos,2006, 
Nigeria - Lagos,2005, 
Nigeria - Lagos,2004, 
Norway,2017,82.82
Norway,2016,82.3
Norway,2015,82.8
Norway,2014,83.56
Norway,2013,83.45
Norway,2012,82.2
Norway,2011,82.17
Norway,2010,82.05
Norway,2009, 
Norway,2008, 
Norway,2007, 
Norway,2006, 
Norway,2005, 
Norway,2004, 
Oman,2017,67.73
Oman,2016,65.65
Oman,2015,64.09
Oman,2014,68.6
Oman,2013,68.43
Oman,2012,67.3
Oman,2011,65.57
Oman,2010,65.53
Oman,2009, 
Oman,2008, 
Oman,2007, 
Oman,2006, 
Oman,2005, 
Oman,2004, 
Pakistan,2017,51.77
Pakistan,2016,49.48
Pakistan,2015,50.19
Pakistan,2014,55.35
Pakistan,2013,53.95
Pakistan,2012,54.11
Pakistan,2011,52.93
Pakistan,2010,52.33
Pakistan,2009, 
Pakistan,2008, 
Pakistan,2007, 
Pakistan,2006, 
Pakistan,2005, 
Pakistan,2004, 
Pakistan - Karachi,2017,50.63
Pakistan - Karachi,2016,48.47
Pakistan - Karachi,2015,49.21
Pakistan - Karachi,2014,54.89
Pakistan - Karachi,2013,53.95
Pakistan - Karachi,2012,54.11
Pakistan - Karachi,2011,52.93
Pakistan - Karachi,2010,52.33
Pakistan - Karachi,2009, 
Pakistan - Karachi,2008, 
Pakistan - Karachi,2007, 
Pakistan - Karachi,2006, 
Pakistan - Karachi,2005, 
Pakistan - Karachi,2004, 
Pakistan - Lahore,2017,53.88
Pakistan - Lahore,2016,51.35
Pakistan - Lahore,2015,52.01
Pakistan - Lahore,2014,56.2
Palau,2017,53.81
Palau,2016,53.78
Palau,2015,53.78
Palau,2014,61.18
Palau,2013,56.6
Palau,2012,57.15
Palau,2011,56.7
Palau,2010,56.73
Palau,2009, 
Palau,2008, 
Palau,2007, 
Palau,2006, 
Palau,2005, 
Palau,2004, 
Panama,2017,66.19
Panama,2016,66.19
Panama,2015,66.24
Panama,2014,67.81
Panama,2013,66.24
Panama,2012,66.01
Panama,2011,65.91
Panama,2010,65.39
Panama,2009, 
Panama,2008, 
Panama,2007, 
Panama,2006, 
Panama,2005, 
Panama,2004, 
Papua New Guinea,2017,57.29
Papua New Guinea,2016,53.92
Papua New Guinea,2015,51.16
Papua New Guinea,2014,57.3
Papua New Guinea,2013,57.14
Papua New Guinea,2012,57.24
Papua New Guinea,2011,57.1
Papua New Guinea,2010,57.29
Papua New Guinea,2009, 
Papua New Guinea,2008, 
Papua New Guinea,2007, 
Papua New Guinea,2006, 
Papua New Guinea,2005, 
Papua New Guinea,2004, 
Paraguay,2017,59.03
Paraguay,2016,59.1
Paraguay,2015,60.64
Paraguay,2014,62.08
Paraguay,2013,61.67
Paraguay,2012,61.73
Paraguay,2011,61.51
Paraguay,2010,60.79
Paraguay,2009, 
Paraguay,2008, 
Paraguay,2007, 
Paraguay,2006, 
Paraguay,2005, 
Paraguay,2004, 
Peru,2017,70.25
Peru,2016,70.22
Peru,2015,71.16
Peru,2014,71.83
Peru,2013,71.83
Peru,2012,70.57
Peru,2011,69.3
Peru,2010,67.63
Peru,2009, 
Peru,2008, 
Peru,2007, 
Peru,2006, 
Peru,2005, 
Peru,2004, 
Philippines,2017,60.4
Philippines,2016,59.53
Philippines,2015,59.89
Philippines,2014,59.86
Philippines,2013,55.92
Philippines,2012,55.65
Philippines,2011,54.99
Philippines,2010,54.29
Philippines,2009, 
Philippines,2008, 
Philippines,2007, 
Philippines,2006, 
Philippines,2005, 
Philippines,2004, 
Poland,2017,77.81
Poland,2016,77.04
Poland,2015,75.66
Poland,2014,73.92
Poland,2013,71.76
Poland,2012,65.77
Poland,2011,64.98
Poland,2010,62.96
Poland,2009, 
Poland,2008, 
Poland,2007, 
Poland,2006, 
Poland,2005, 
Poland,2004, 
Portugal,2017,77.4
Portugal,2016,77.12
Portugal,2015,76.62
Portugal,2014,74.54
Portugal,2013,74.81
Portugal,2012,73.42
Portugal,2011,72.64
Portugal,2010,70.27
Portugal,2009, 
Portugal,2008, 
Portugal,2007, 
Portugal,2006, 
Portugal,2005, 
Portugal,2004, 
Puerto Rico US,2017,69.82
Puerto Rico US,2016,69.18
Puerto Rico US,2015,69.74
Puerto Rico US,2014,71.45
Puerto Rico US,2013,71.67
Puerto Rico US,2012,71.01
Puerto Rico US,2011,71.34
Puerto Rico US,2010,70.55
Puerto Rico US,2009, 
Puerto Rico US,2008, 
Puerto Rico US,2007, 
Puerto Rico US,2006, 
Puerto Rico US,2005, 
Puerto Rico US,2004, 
Qatar,2017,63.66
Qatar,2016,64.68
Qatar,2015,64.72
Qatar,2014,67.82
Qatar,2013,67.79
Qatar,2012,65.99
Qatar,2011,64.48
Qatar,2010,65.2
Qatar,2009, 
Qatar,2008, 
Romania,2017,74.26
Romania,2016,74.12
Romania,2015,74.44
Romania,2014,65.78
Romania,2013,65.29
Romania,2012,63.81
Romania,2011,63.76
Romania,2010,64.06
Romania,2009, 
Romania,2008, 
Romania,2007, 
Romania,2006, 
Romania,2005, 
Romania,2004, 
Russian Federation,2017,73.19
Russian Federation,2016,73.2
Russian Federation,2015,71.25
Russian Federation,2014,66
Russian Federation,2013,58.93
Russian Federation,2012,56.66
Russian Federation,2011,54.32
Russian Federation,2010,54.93
Russian Federation,2009, 
Russian Federation,2008, 
Russian Federation,2007, 
Russian Federation,2006, 
Russian Federation,2005, 
Russian Federation,2004, 
Russian Federation - Moscow,2017,73.3
Russian Federation - Moscow,2016,73.35
Russian Federation - Moscow,2015,71.4
Russian Federation - Moscow,2014,65.78
Russian Federation - Moscow,2013,58.93
Russian Federation - Moscow,2012,56.66
Russian Federation - Moscow,2011,54.32
Russian Federation - Moscow,2010,54.93
Russian Federation - Moscow,2009, 
Russian Federation - Moscow,2008, 
Russian Federation - Moscow,2007, 
Russian Federation - Moscow,2006, 
Russian Federation - Moscow,2005, 
Russian Federation - Moscow,2004, 
Russian Federation - Saint Petersburg,2017,72.94
Russian Federation - Saint Petersburg,2016,72.83
Russian Federation - Saint Petersburg,2015,70.92
Russian Federation - Saint Petersburg,2014,66.51
Rwanda,2017,69.81
Rwanda,2016,68.63
Rwanda,2015,67.67
Rwanda,2014,67.76
Rwanda,2013,64.05
Rwanda,2012,59.82
Rwanda,2011,59.61
Rwanda,2010,57.88
Rwanda,2009, 
Rwanda,2008, 
Rwanda,2007, 
Rwanda,2006, 
Rwanda,2005, 
Rwanda,2004, 
Samoa,2017,62.17
Samoa,2016,62.16
Samoa,2015,61.61
Samoa,2014,66.95
Samoa,2013,67.41
Samoa,2012,67.35
Samoa,2011,67.1
Samoa,2010,65.12
Samoa,2009, 
Samoa,2008, 
Samoa,2007, 
Samoa,2006, 
Samoa,2005, 
Samoa,2004, 
San Marino,2017,64.11
San Marino,2016,63.55
San Marino,2015,62.67
San Marino,2014,63
San Marino,2013,63.81
SÌ£o TomÌ© and PrÌ_ncipe,2017,46.75
SÌ£o TomÌ© and PrÌ_ncipe,2016,46.67
SÌ£o TomÌ© and PrÌ_ncipe,2015,45.39
SÌ£o TomÌ© and PrÌ_ncipe,2014,48.39
SÌ£o TomÌ© and PrÌ_ncipe,2013,48.02
SÌ£o TomÌ© and PrÌ_ncipe,2012,47.92
SÌ£o TomÌ© and PrÌ_ncipe,2011,41.36
SÌ£o TomÌ© and PrÌ_ncipe,2010,43.02
SÌ£o TomÌ© and PrÌ_ncipe,2009, 
SÌ£o TomÌ© and PrÌ_ncipe,2008, 
SÌ£o TomÌ© and PrÌ_ncipe,2007, 
SÌ£o TomÌ© and PrÌ_ncipe,2006, 
SÌ£o TomÌ© and PrÌ_ncipe,2005, 
Saudi Arabia,2017,61.11
Saudi Arabia,2016,60.33
Saudi Arabia,2015,62.25
Saudi Arabia,2014,69.54
Saudi Arabia,2013,69.95
Saudi Arabia,2012,69
Saudi Arabia,2011,69.55
Saudi Arabia,2010,67.91
Saudi Arabia,2009, 
Saudi Arabia,2008, 
Saudi Arabia,2007, 
Saudi Arabia,2006, 
Saudi Arabia,2005, 
Saudi Arabia,2004, 
Senegal,2017,50.68
Senegal,2016,49.95
Senegal,2015,46.04
Senegal,2014,44.07
Senegal,2013,43.87
Senegal,2012,43.53
Senegal,2011,41.68
Senegal,2010,41.49
Senegal,2009, 
Senegal,2008, 
Senegal,2007, 
Senegal,2006, 
Senegal,2005, 
Senegal,2004, 
Serbia,2017,72.29
Serbia,2016,69.58
Serbia,2015,65.95
Serbia,2014,60.6
Serbia,2013,60.59
Serbia,2012,59.69
Serbia,2011,58.39
Serbia,2010,57.67
Serbia,2009, 
Serbia,2008, 
Serbia,2007, 
Serbia,2006, 
Serbia,2005, 
Serbia,2004, 
Seychelles,2017,61.21
Seychelles,2016,61
Seychelles,2015,57.98
Seychelles,2014,63.27
Seychelles,2013,62.87
Seychelles,2012,62.88
Seychelles,2011,62.3
Seychelles,2010,62.24
Seychelles,2009, 
Seychelles,2008, 
Seychelles,2007, 
Seychelles,2006, 
Sierra Leone,2017,50.23
Sierra Leone,2016,50.14
Sierra Leone,2015,49.39
Sierra Leone,2014,53.66
Sierra Leone,2013,49.16
Sierra Leone,2012,48.35
Sierra Leone,2011,44.25
Sierra Leone,2010,39.8
Sierra Leone,2009, 
Sierra Leone,2008, 
Sierra Leone,2007, 
Sierra Leone,2006, 
Sierra Leone,2005, 
Sierra Leone,2004, 
Singapore,2017,85.05
Singapore,2016,84.5
Singapore,2015,85.08
Singapore,2014,91.24
Singapore,2013,90.38
Singapore,2012,90.41
Singapore,2011,90.4
Singapore,2010,89.77
Singapore,2009, 
Singapore,2008, 
Singapore,2007, 
Singapore,2006, 
Singapore,2005, 
Singapore,2004, 
Slovak Republic,2017,75.61
Slovak Republic,2016,75.44
Slovak Republic,2015,74.21
Slovak Republic,2014,71.03
Slovak Republic,2013,71.03
Slovak Republic,2012,69.98
Slovak Republic,2011,69.97
Slovak Republic,2010,68.73
Slovak Republic,2009, 
Slovak Republic,2008, 
Slovak Republic,2007, 
Slovak Republic,2006, 
Slovak Republic,2005, 
Slovak Republic,2004, 
Slovenia,2017,76.14
Slovenia,2016,75.44
Slovenia,2015,73.23
Slovenia,2014,70.15
Slovenia,2013,69.48
Slovenia,2012,67.48
Slovenia,2011,65.67
Slovenia,2010,62.75
Slovenia,2009, 
Slovenia,2008, 
Slovenia,2007, 
Slovenia,2006, 
Slovenia,2005, 
Slovenia,2004, 
Solomon Islands,2017,59.17
Solomon Islands,2016,58.79
Solomon Islands,2015,58.16
Solomon Islands,2014,61.83
Solomon Islands,2013,62.07
Solomon Islands,2012,60.91
Solomon Islands,2011,59.53
Solomon Islands,2010,55.04
Solomon Islands,2009, 
Solomon Islands,2008, 
Solomon Islands,2007, 
Solomon Islands,2006, 
Solomon Islands,2005, 
Solomon Islands,2004, 
Somalia,2017,20.29
Somalia,2016,20.24
South Africa,2017,65.2
South Africa,2016,65.29
South Africa,2015,63.97
South Africa,2014,70.05
South Africa,2013,69.78
South Africa,2012,68.77
South Africa,2011,67.91
South Africa,2010,67.53
South Africa,2009, 
South Africa,2008, 
South Africa,2007, 
South Africa,2006, 
South Africa,2005, 
South Africa,2004, 
South Sudan,2017,33.48
South Sudan,2016,33.48
South Sudan,2015,35.96
South Sudan,2014,34.07
South Sudan,2013,36.58
Spain,2017,75.73
Spain,2016,75.02
Spain,2015,73.61
Spain,2014,69.5
Spain,2013,70.19
Spain,2012,70.13
Spain,2011,68.22
Spain,2010,68.18
Spain,2009, 
Spain,2008, 
Spain,2007, 
Spain,2006, 
Spain,2005, 
Spain,2004, 
Sri Lanka,2017,58.79
Sri Lanka,2016,58.14
Sri Lanka,2015,56.82
Sri Lanka,2014,61.38
Sri Lanka,2013,60.86
Sri Lanka,2012,56.96
Sri Lanka,2011,55.88
Sri Lanka,2010,56.9
Sri Lanka,2009, 
Sri Lanka,2008, 
Sri Lanka,2007, 
Sri Lanka,2006, 
Sri Lanka,2005, 
Sri Lanka,2004, 
St Kitts and Nevis,2017,53.96
St Kitts and Nevis,2016,55.13
St Kitts and Nevis,2015,55.38
St Kitts and Nevis,2014,59.77
St Kitts and Nevis,2013,60.33
St Kitts and Nevis,2012,60.51
St Kitts and Nevis,2011,61.36
St Kitts and Nevis,2010,61.38
St Kitts and Nevis,2009, 
St Kitts and Nevis,2008, 
St Kitts and Nevis,2007, 
St Kitts and Nevis,2006, 
St Lucia,2017,63.13
St Lucia,2016,63.47
St Lucia,2015,63.15
St Lucia,2014,65.05
St Lucia,2013,65.28
St Lucia,2012,65.1
St Lucia,2011,65.02
St Lucia,2010,65.25
St Lucia,2009, 
St Lucia,2008, 
St Lucia,2007, 
St Lucia,2006, 
St Vincent and the Grenadines,2017,55.91
St Vincent and the Grenadines,2016,56.01
St Vincent and the Grenadines,2015,56.22
St Vincent and the Grenadines,2014,62.66
St Vincent and the Grenadines,2013,62.56
St Vincent and the Grenadines,2012,63.93
St Vincent and the Grenadines,2011,63.79
St Vincent and the Grenadines,2010,63.68
St Vincent and the Grenadines,2009, 
St Vincent and the Grenadines,2008, 
St Vincent and the Grenadines,2007, 
St Vincent and the Grenadines,2006, 
Sudan,2017,44.76
Sudan,2016,45.8
Sudan,2015,45.84
Sudan,2014,51.05
Sudan,2013,50.98
Sudan,2012,49.38
Sudan,2011,48.95
Sudan,2010,48.79
Sudan,2009, 
Sudan,2008, 
Sudan,2007, 
Sudan,2006, 
Sudan,2005, 
Suriname,2017,47.28
Suriname,2016,47.25
Suriname,2015,47.36
Suriname,2014,46.46
Suriname,2013,44.57
Suriname,2012,44.49
Suriname,2011,44.34
Suriname,2010,43.97
Suriname,2009, 
Suriname,2008, 
Suriname,2007, 
Suriname,2006, 
Swaziland,2017,58.34
Swaziland,2016,58.15
Swaziland,2015,58.3
Swaziland,2014,58.88
Swaziland,2013,58.39
Swaziland,2012,57.71
Swaziland,2011,57.34
Swaziland,2010,53.85
Swaziland,2009, 
Swaziland,2008, 
Swaziland,2007, 
Swaziland,2006, 
Sweden,2017,82.13
Sweden,2016,81.61
Sweden,2015,81.11
Sweden,2014,82.51
Sweden,2013,82.4
Sweden,2012,82.75
Sweden,2011,83.17
Sweden,2010,81.69
Sweden,2009, 
Sweden,2008, 
Sweden,2007, 
Sweden,2006, 
Sweden,2005, 
Sweden,2004, 
Switzerland,2017,76.06
Switzerland,2016,76.07
Switzerland,2015,76.04
Switzerland,2014,75.57
Switzerland,2013,75.58
Switzerland,2012,75.39
Switzerland,2011,75.31
Switzerland,2010,75.26
Switzerland,2009, 
Switzerland,2008, 
Switzerland,2007, 
Switzerland,2006, 
Switzerland,2005, 
Switzerland,2004, 
Syrian Arab Republic,2017,41.43
Syrian Arab Republic,2016,42.85
Syrian Arab Republic,2015,41.53
Syrian Arab Republic,2014,46.41
Syrian Arab Republic,2013,51.61
Syrian Arab Republic,2012,51.43
Syrian Arab Republic,2011,50.64
Syrian Arab Republic,2010,50.48
Syrian Arab Republic,2009, 
Syrian Arab Republic,2008, 
Syrian Arab Republic,2007, 
Syrian Arab Republic,2006, 
Syrian Arab Republic,2005, 
Syrian Arab Republic,2004, 
"Taiwan, China",2017,81.09
"Taiwan, China",2016,81.08
"Taiwan, China",2015,80.87
"Taiwan, China",2014,79.24
"Taiwan, China",2013,79.21
"Taiwan, China",2012,75.92
"Taiwan, China",2011,74.82
"Taiwan, China",2010,74.39
"Taiwan, China",2009, 
"Taiwan, China",2008, 
"Taiwan, China",2007, 
"Taiwan, China",2006, 
"Taiwan, China",2005, 
"Taiwan, China",2004, 
Tajikistan,2017,55.34
Tajikistan,2016,53.98
Tajikistan,2015,51.2
Tajikistan,2014,44.88
Tajikistan,2013,44.47
Tajikistan,2012,43.65
Tajikistan,2011,43.42
Tajikistan,2010,41.07
Tajikistan,2009, 
Tajikistan,2008, 
Tajikistan,2007, 
Tajikistan,2006, 
Tanzania,2017,54.48
Tanzania,2016,50.59
Tanzania,2015,50.14
Tanzania,2014,56.88
Tanzania,2013,56.51
Tanzania,2012,56.51
Tanzania,2011,55.38
Tanzania,2010,52.62
Tanzania,2009, 
Tanzania,2008, 
Tanzania,2007, 
Tanzania,2006, 
Tanzania,2005, 
Tanzania,2004, 
Thailand,2017,72.53
Thailand,2016,71.65
Thailand,2015,72.2
Thailand,2014,75.99
Thailand,2013,75.2
Thailand,2012,74.96
Thailand,2011,72.67
Thailand,2010,73.03
Thailand,2009, 
Thailand,2008, 
Thailand,2007, 
Thailand,2006, 
Thailand,2005, 
Thailand,2004, 
Timor-Leste,2017,40.88
Timor-Leste,2016,42.03
Timor-Leste,2015,44.03
Timor-Leste,2014,44.71
Timor-Leste,2013,42.78
Timor-Leste,2012,42.64
Timor-Leste,2011,42.25
Timor-Leste,2010,41.67
Timor-Leste,2009, 
Timor-Leste,2008, 
Timor-Leste,2007, 
Timor-Leste,2006, 
Timor-Leste,2005, 
Togo,2017,48.57
Togo,2016,47.4
Togo,2015,46.3
Togo,2014,45.52
Togo,2013,43.27
Togo,2012,41.28
Togo,2011,39.32
Togo,2010,38.23
Togo,2009, 
Togo,2008, 
Togo,2007, 
Togo,2006, 
Togo,2005, 
Togo,2004, 
Tonga,2017,63.58
Tonga,2016,63.83
Tonga,2015,64.2
Tonga,2014,66.28
Tonga,2013,65.22
Tonga,2012,65.7
Tonga,2011,65.26
Tonga,2010,65.16
Tonga,2009, 
Tonga,2008, 
Tonga,2007, 
Tonga,2006, 
Tonga,2005, 
Tonga,2004, 
Trinidad and Tobago,2017,60.99
Trinidad and Tobago,2016,61.07
Trinidad and Tobago,2015,62.29
Trinidad and Tobago,2014,63.75
Trinidad and Tobago,2013,63.52
Trinidad and Tobago,2012,62.54
Trinidad and Tobago,2011,62.13
Trinidad and Tobago,2010,61.88
Trinidad and Tobago,2009, 
Trinidad and Tobago,2008, 
Trinidad and Tobago,2007, 
Trinidad and Tobago,2006, 
Tunisia,2017,64.89
Tunisia,2016,63.91
Tunisia,2015,63.79
Tunisia,2014,68.78
Tunisia,2013,68.69
Tunisia,2012,68.57
Tunisia,2011,68.47
Tunisia,2010,66.66
Tunisia,2009, 
Tunisia,2008, 
Tunisia,2007, 
Tunisia,2006, 
Tunisia,2005, 
Tunisia,2004, 
Turkey,2017,67.19
Turkey,2016,67.3
Turkey,2015,69.96
Turkey,2014,68.52
Turkey,2013,66.9
Turkey,2012,66.04
Turkey,2011,65.33
Turkey,2010,65.29
Turkey,2009, 
Turkey,2008, 
Turkey,2007, 
Turkey,2006, 
Turkey,2005, 
Turkey,2004, 
Uganda,2017,57.77
Uganda,2016,57.1
Uganda,2015,52.25
Uganda,2014,51.31
Uganda,2013,50.31
Uganda,2012,50.42
Uganda,2011,51.18
Uganda,2010,48.97
Uganda,2009, 
Uganda,2008, 
Uganda,2007, 
Uganda,2006, 
Uganda,2005, 
Uganda,2004, 
Ukraine,2017,63.9
Ukraine,2016,62.77
Ukraine,2015,61.83
Ukraine,2014,58.14
Ukraine,2013,48.87
Ukraine,2012,44.35
Ukraine,2011,44.21
Ukraine,2010,39.69
Ukraine,2009, 
Ukraine,2008, 
Ukraine,2007, 
Ukraine,2006, 
Ukraine,2005, 
Ukraine,2004, 
United Arab Emirates,2017,76.89
United Arab Emirates,2016,74.83
United Arab Emirates,2015,74.25
United Arab Emirates,2014,75.26
United Arab Emirates,2013,72.7
United Arab Emirates,2012,71.2
United Arab Emirates,2011,70.95
United Arab Emirates,2010,70.8
United Arab Emirates,2009, 
United Arab Emirates,2008, 
United Arab Emirates,2007, 
United Arab Emirates,2006, 
United Arab Emirates,2005, 
United Arab Emirates,2004, 
United Kingdom,2017,82.74
United Kingdom,2016,82.73
United Kingdom,2015,82.55
United Kingdom,2014,85.61
United Kingdom,2013,84.54
United Kingdom,2012,84.51
United Kingdom,2011,84.37
United Kingdom,2010,83.58
United Kingdom,2009, 
United Kingdom,2008, 
United Kingdom,2007, 
United Kingdom,2006, 
United Kingdom,2005, 
United Kingdom,2004, 
United States,2017,82.45
United States,2016,82.46
United States,2015,81.96
United States,2014,82.14
United States,2013,84.94
United States,2012,85.65
United States,2011,85.72
United States,2010,85.72
United States,2009, 
United States,2008, 
United States,2007, 
United States,2006, 
United States,2005, 
United States,2004, 
United States - Los Angeles,2017,80.96
United States - Los Angeles,2016,80.96
United States - Los Angeles,2015,80.68
United States - Los Angeles,2014,78.56
United States - New York City,2017,83.44
United States - New York City,2016,83.46
United States - New York City,2015,82.81
United States - New York City,2014,84.52
United States - New York City,2013,84.94
United States - New York City,2012,85.65
United States - New York City,2011,85.72
United States - New York City,2010,85.72
United States - New York City,2009, 
United States - New York City,2008, 
United States - New York City,2007, 
United States - New York City,2006, 
United States - New York City,2005, 
United States - New York City,2004, 
Uruguay,2017,61.85
Uruguay,2016,61.33
Uruguay,2015,61.9
Uruguay,2014,63.58
Uruguay,2013,63.24
Uruguay,2012,61.85
Uruguay,2011,58.77
Uruguay,2010,58.82
Uruguay,2009, 
Uruguay,2008, 
Uruguay,2007, 
Uruguay,2006, 
Uruguay,2005, 
Uruguay,2004, 
Uzbekistan,2017,63.03
Uzbekistan,2016,62.68
Uzbekistan,2015,59.25
Uzbekistan,2014,48.52
Uzbekistan,2013,46.41
Uzbekistan,2012,43.55
Uzbekistan,2011,41.21
Uzbekistan,2010,39.44
Uzbekistan,2009, 
Uzbekistan,2008, 
Uzbekistan,2007, 
Uzbekistan,2006, 
Uzbekistan,2005, 
Uzbekistan,2004, 
Vanuatu,2017,63.66
Vanuatu,2016,61.45
Vanuatu,2015,60.4
Vanuatu,2014,65.82
Vanuatu,2013,64.62
Vanuatu,2012,63.33
Vanuatu,2011,62.12
Vanuatu,2010,61.78
Vanuatu,2009, 
Vanuatu,2008, 
Vanuatu,2007, 
Vanuatu,2006, 
Vanuatu,2005, 
Vanuatu,2004, 
"Venezuela, RB",2017,33.37
"Venezuela, RB",2016,36.33
"Venezuela, RB",2015,36.25
"Venezuela, RB",2014,38.81
"Venezuela, RB",2013,39.09
"Venezuela, RB",2012,37.88
"Venezuela, RB",2011,38.2
"Venezuela, RB",2010,36.43
"Venezuela, RB",2009, 
"Venezuela, RB",2008, 
"Venezuela, RB",2007, 
"Venezuela, RB",2006, 
"Venezuela, RB",2005, 
"Venezuela, RB",2004, 
Vietnam,2017,63.83
Vietnam,2016,61.11
Vietnam,2015,58.82
Vietnam,2014,59.87
Vietnam,2013,59.48
Vietnam,2012,59.01
Vietnam,2011,58.93
Vietnam,2010,58.14
Vietnam,2009, 
Vietnam,2008, 
Vietnam,2007, 
Vietnam,2006, 
Vietnam,2005, 
Vietnam,2004, 
West Bank and Gaza,2017,53.21
West Bank and Gaza,2016,51.81
West Bank and Gaza,2015,51.97
West Bank and Gaza,2014,52.88
West Bank and Gaza,2013,50.57
West Bank and Gaza,2012,49.64
West Bank and Gaza,2011,49.58
West Bank and Gaza,2010,50.06
West Bank and Gaza,2009, 
West Bank and Gaza,2008, 
West Bank and Gaza,2007, 
West Bank and Gaza,2006, 
West Bank and Gaza,2005, 
"Yemen, Rep",2017,39.57
"Yemen, Rep",2016,39.92
"Yemen, Rep",2015,44.28
"Yemen, Rep",2014,55.69
"Yemen, Rep",2013,55.42
"Yemen, Rep",2012,57.71
"Yemen, Rep",2011,56.66
"Yemen, Rep",2010,56.72
"Yemen, Rep",2009, 
"Yemen, Rep",2008, 
"Yemen, Rep",2007, 
"Yemen, Rep",2006, 
"Yemen, Rep",2005, 
"Yemen, Rep",2004, 
Zambia,2017,60.54
Zambia,2016,60.77
Zambia,2015,61.51
Zambia,2014,62.12
Zambia,2013,60.76
Zambia,2012,57.12
Zambia,2011,57.04
Zambia,2010,57.32
Zambia,2009, 
Zambia,2008, 
Zambia,2007, 
Zambia,2006, 
Zambia,2005, 
Zambia,2004, 
Zimbabwe,2017,47.1
Zimbabwe,2016,47.08
Zimbabwe,2015,47.17
Zimbabwe,2014,44.87
Zimbabwe,2013,43.54
Zimbabwe,2012,44.71
Zimbabwe,2011,41.2
Zimbabwe,2010,41.42
Zimbabwe,2009, 
Zimbabwe,2008, 
Zimbabwe,2007, 
Zimbabwe,2006, 
Zimbabwe,2005, 
Zimbabwe,2004, 